{
    "name": "Redrawn-Space-Connections",
    "author": "thesixthroc",
    "version": "1.0.2",
    "title": "Redrawn Space Connections",
    "description": "Algorithmically redraws connections on the space map to improve navigation between planets. This mod does not move any planets.",
    "contact": "Discord: thesixthroc",
    "factorio_version": "2.0",
    "dependencies": [
        "base >= 2.0.0",
        "space-age >= 2.0.0",
        "PlanetsLib >= 1.1.41",
        "! Planetary-Distance-Adjustments"
    ],
    "space_travel_required": true
}
